"","V1","V2","V3","V4","V5","V6","V7","V8","V9","V10","V11","V12","V13","V14","V15","V16","V17","V18","V19","V20","V21","V22","V23","V24","V25","V26","V27","V28","V29","V30","V31","V32","V33","V34","V35","V36","V37","V38","V39","V40","V41","V42","V43","V44","V45","V46","V47","V48","V49","V50"
"1",2.86130200169942e-08,4.87711648625926e-08,1.2378325027301e-07,3.85166515257717e-07,1.21051314353336e-06,3.75111184386133e-06,1.07640702564568e-05,2.8497001057351e-05,6.93844851631889e-05,0.000155030983350262,0.000317652385466783,0.000597514332220026,0.00103497815456615,0.00165860616545623,0.00247347278311764,0.00345422009498247,0.00454533947575913,0.00566833840524681,0.0067334630618676,0.00765295597413601,0.00835310769802508,0.00878313913206953,0.00891988671432356,0.00876815251667581,0.00835730323521511,0.00773518689083839,0.0069606586825896,0.00609598393888583,0.00520016700458609,0.00432391339477971,0.00350654927697491,0.00277486993513423,0.00214361988542576,0.00161714809876658,0.00119173283081451,0.000858112219557622,0.000603857996575415,0.000415356867851482,0.000279288645432067,0.000183592358121331,0.000117981759756507,7.41090872397102e-05,4.54858744336244e-05,2.72604229723128e-05,1.59318183888831e-05,9.05711266273817e-06,4.98592150649355e-06,2.63799251719794e-06,1.3266151826201e-06,6.24995948942377e-07
"2",1.21574467793119e-09,2.07224837095089e-09,5.25945278223185e-09,1.63654217822429e-08,5.14337497734373e-08,1.59381786955396e-07,4.57356864790657e-07,1.21081512374077e-06,2.94809211044629e-06,6.58714434235101e-06,1.34967995980159e-05,2.53879132280569e-05,4.39754063863763e-05,7.04728692476234e-05,0.000105095909844431,0.000146767090449862,0.000193127893307405,0.000240843233073573,0.000286099540581516,0.000325168070006995,0.000354916965144835,0.000373188661979778,0.000378998959014014,0.000372551892498811,0.000355095230214611,0.00032866199687256,0.000295752903511329,0.000259013554880006,0.000220950999105443,0.000183719673575758,0.000148990516165498,0.000117902037379733,9.10807200940682e-05,6.87113486564618e-05,5.06357890819664e-05,3.64605121505971e-05,2.56574505287006e-05,1.76481860786694e-05,1.18667545085762e-05,7.8006946544712e-06,5.01295202085407e-06,3.14883673042914e-06,1.93265896891978e-06,1.15827389513789e-06,6.76930411559036e-07,3.84829581449536e-07,2.11847876683481e-07,1.12086223729647e-07,5.63668339439593e-08,2.65555854713678e-08
"3",2.30883865058584e-09,3.93543744777615e-09,9.98830435779662e-09,3.10798139032615e-08,9.76785928633892e-08,3.02684302552945e-07,8.68573168123052e-07,2.29947686150989e-06,5.59876521250199e-06,1.25097429836075e-05,2.5631971199856e-05,4.82145604934123e-05,8.3514342923434e-05,0.000133836065491545,0.000199589192592822,0.000278727546347399,0.00036677203089479,0.000457388936465321,0.000543335857602532,0.000617531478111103,0.000674028043675635,0.000708728092649808,0.000719762513451762,0.000707518794335896,0.000674366589499129,0.000624166846158334,0.000561668701533555,0.000491896462627528,0.000419611301517931,0.000348904742027365,0.000282950086920394,0.000223909498290685,0.00017297273900818,0.000130490735753727,9.61631739439732e-05,6.92426964325301e-05,4.87264427568492e-05,3.35159304998982e-05,2.25363285266754e-05,1.48144142817139e-05,9.52017112587794e-06,5.98000228137593e-06,3.67034115537862e-06,2.19969503926575e-06,1.28556852958968e-06,7.30835534523106e-07,4.02323427451639e-07,2.128646008022e-07,1.07047085776618e-07,5.04321040743228e-08
"4",4.3957148061278e-09,7.4925377108487e-09,1.90163731634244e-08,5.91717390522712e-08,1.85966757262307e-07,5.76269749285792e-07,1.65364519272711e-06,4.37789123285967e-06,1.06592875748956e-05,2.38168494103926e-05,4.87997874103761e-05,9.17939663640248e-05,0.000158999951607456,0.000254805668003608,0.000379990680076647,0.000530659343408017,0.000698284068602503,0.000870806333595251,0.00103443758330951,0.00117569595471481,0.00128325773244422,0.00134932190674692,0.0013703299433561,0.00134701956721266,0.00128390227765248,0.00118832879311688,0.00106934082502611,0.000936503970645621,0.000798882854127944,0.000664267180415027,0.000538698486425431,0.000426293234747813,0.000329316572087794,0.000248436615122336,0.000183081605725246,0.000131828677524718,9.27685205814938e-05,6.38097737588423e-05,4.29061047446218e-05,2.82046301441279e-05,1.81251111524288e-05,1.13851111086746e-05,6.98783042121383e-06,4.18792021287971e-06,2.44754765274544e-06,1.39141146962885e-06,7.65969092925796e-07,4.05265251952229e-07,2.03803093724942e-07,9.60158677729295e-08
"5",8.17154478248468e-09,1.39284758313493e-08,3.53510525043021e-08,1.09999064281668e-07,3.45708434701898e-07,1.07127379067348e-06,3.07409291609926e-06,8.13841112082369e-06,1.98153996811205e-05,4.42750406062304e-05,9.07178162795547e-05,0.00017064312403977,0.000295577689244531,0.000473678575329726,0.000706394976954483,0.000986484970057098,0.00129809593869158,0.00161881133460368,0.00192299851321453,0.00218559496424682,0.00238555013021306,0.00250836209200819,0.00254741560651388,0.00250408208945149,0.00238674832669894,0.0022090791549383,0.00198788293254571,0.0017409419110715,0.00148510704319699,0.00123485923261656,0.001001429574081,0.000792470488157218,0.000612192836686847,0.000461838635038612,0.000340344996437778,0.000245066841121549,0.000172454800588919,0.000118621076850506,7.9761579589716e-05,5.24318361088547e-05,3.36942144797731e-05,2.11646909277202e-05,1.29902352035569e-05,7.7852588428423e-06,4.54994150753218e-06,2.5866057368155e-06,1.42392102784212e-06,7.53379894095043e-07,3.78865822882929e-07,1.7849155323768e-07
"6",1.46617525738569e-08,2.49910967639701e-08,6.34284457639479e-08,1.97365260398561e-07,6.20285596813848e-07,1.92212753840363e-06,5.51567554540023e-06,1.4602302670311e-05,3.55536798745086e-05,7.94402659283516e-05,0.000162769979451426,0.000306175555503758,0.000530338762304127,0.000849895369344077,0.00126744558675389,0.00176999562919949,0.00232910202132398,0.0029045439856841,0.00345033028039934,0.0039214926241536,0.00428026116147416,0.00450061589792616,0.00457068746726385,0.00449293652515489,0.00428241101941149,0.00396362901359783,0.00356674881905451,0.00312367614998574,0.00266464574234709,0.00221563988377992,0.00179680990879353,0.00142188613398406,0.00109842387674719,0.00082865161682746,0.000610662275047044,0.000439709930524093,0.000309426146917564,0.000212835262501953,0.000143111807616971,9.40755546819992e-05,6.04556725836955e-05,3.79746388160934e-05,2.33076632999672e-05,1.39686609956358e-05,8.16370935786195e-06,4.64100415879704e-06,2.55486304617486e-06,1.35174803484114e-06,6.79778071547344e-07,3.20257559586982e-07
"7",2.52902670572853e-08,4.31075008278495e-08,1.09408634767106e-07,3.40438165094287e-07,1.0699395120868e-06,3.31550532717813e-06,9.51406776521635e-06,2.51877210669864e-05,6.13270517536105e-05,0.000137027652752244,0.000280764269380418,0.000528126601925447,0.000914788928672617,0.0014659966980883,0.00218623504987654,0.00305309081756707,0.0040175014430387,0.00501008953108116,0.00595152412970934,0.00676423880627049,0.00738308379597295,0.0077631768376565,0.00788404429144461,0.0077499305775495,0.00738679211672768,0.00683692046806408,0.00615233613483471,0.00538807374054813,0.00459628561439356,0.00382178897654297,0.00309934315257722,0.00245263176229199,0.00189468708089974,0.00142935304503675,0.0010533401065086,0.000758461958396654,0.000533733593622733,0.000367122593343959,0.00024685560716238,0.000162272271986932,0.00010428085572087,6.5502998514339e-05,4.02037223291101e-05,2.40947434648588e-05,1.408169922377e-05,8.00533456001932e-06,4.40691986903136e-06,2.33164955028975e-06,1.17255893403719e-06,5.52416852505827e-07
"8",4.19031808964121e-08,7.14243705331402e-08,1.81278030947279e-07,5.64068460948857e-07,1.7727716683117e-06,5.49342635145254e-06,1.57637600948836e-05,4.17332735098287e-05,0.000101612155287023,0.000227039695076448,0.000465195402739235,0.000875047483150813,0.00151570427759328,0.00242899470750511,0.00362235015429239,0.00505863447514818,0.00665655642694181,0.00830116532390028,0.00986101853537887,0.0112075970444935,0.012232954882416,0.012862727096646,0.0130629911258514,0.0128407795058116,0.0122390991605708,0.01132802253526,0.0101937418616245,0.00892744343592674,0.00761553791089876,0.00633228247330275,0.00513526948878492,0.00406374010107582,0.0031392873516599,0.00236828021923788,0.0017452682855621,0.00125668774369809,0.000884337649476216,0.000608281613049251,0.000409012492386437,0.000268867242569565,0.000172781867087698,0.000108531238115695,6.66131300887361e-05,3.99223302693348e-05,2.33318212324895e-05,1.32639557124865e-05,7.30177977360735e-06,3.863285930177e-06,1.94280072303589e-06,9.15293747129889e-07
"9",6.67187614706367e-08,1.13722763734124e-07,2.8863311681605e-07,8.98116760925381e-07,2.82262891622431e-06,8.74670119447792e-06,2.50992532583829e-05,6.64482328340261e-05,0.000161788126965146,0.000361495402881662,0.000740689858111782,0.00139326139579105,0.0024133230459702,0.00386747533329501,0.00576755059490129,0.00805442020616266,0.010598651247094,0.0132172178179687,0.0157008353410183,0.017844874252365,0.019477461649,0.0204801927363108,0.0207990555937329,0.0204452475114757,0.0194872446444635,0.0180366172041303,0.0162306015249835,0.0142143855526538,0.0121255533942377,0.0100823382584102,0.00817643942011609,0.00647033711241606,0.00499841204229719,0.00377080497620382,0.00277883769097478,0.00200091372590868,0.00140805331320227,0.000968513487038929,0.00065123473526989,0.000428093739914684,0.000275105419924396,0.00017280477598716,0.00010606224735515,6.35648266697526e-05,3.71492135485898e-05,2.11190338873355e-05,1.16259838180481e-05,6.15117150904446e-06,3.09335127434946e-06,1.45734199370896e-06
"10",1.02188043792207e-07,1.74180492929985e-07,4.42077354719192e-07,1.37557701721351e-06,4.32320566123254e-06,1.33966558280917e-05,3.84426139602148e-05,0.000101773695690479,0.000247798547799029,0.000553674967072202,0.00113445822417555,0.00213395233048125,0.00369630304385794,0.00592351731376138,0.00883371782950335,0.0123363417816205,0.0162331466277748,0.0202438055416864,0.0240477732805088,0.0273316343315164,0.0298321440637806,0.0313679508743885,0.031856328819658,0.0313144279359067,0.0298471279325876,0.0276253124022711,0.0248591757827944,0.0217710913889367,0.0185717863153146,0.0154423493597331,0.0125232293152635,0.00991012239465672,0.00765568690741596,0.00577545469290187,0.0042561339778728,0.00306464710885818,0.0021566079834171,0.00148339831923341,0.000997446627903224,0.000655678565928183,0.000421358012035044,0.000264671909772339,0.000162447463629822,9.73574021488916e-05,5.6898620077354e-05,3.23464151935427e-05,1.78066336565473e-05,9.42128075648187e-06,4.7378504714453e-06,2.23209970015549e-06
"11",1.50772946001549e-07,2.56993921015429e-07,6.5226128867991e-07,2.02958968232172e-06,6.37865673444187e-06,1.97660429812849e-05,5.67200030814549e-05,0.000150161597729781,0.000365613389591222,0.000816917545486397,0.00167383191053587,0.00314853154589954,0.00545369574125708,0.00873983024768588,0.0130336741156228,0.0182016068051864,0.0239511321395053,0.0298686430088536,0.0354811921994746,0.0403263520297865,0.0440157192477915,0.0462817193465452,0.0470022946588605,0.046202749138152,0.0440378271378997,0.0407596581804921,0.0366783728198551,0.0321220708858433,0.0274016688387253,0.0227843534306861,0.0184773492792826,0.0146218509840215,0.0112955530398813,0.00852137183796143,0.00627969608387893,0.0045217214843378,0.00318195873962949,0.00218867419694772,0.00147167869143364,0.000967418352934568,0.000621691016270577,0.000390509124936147,0.000239682469230471,0.000143645594849574,8.39508444836256e-05,4.77253906654351e-05,2.62727273674721e-05,1.39005915178385e-05,6.99044278357258e-06,3.29334269521735e-06
"12",2.14675112521347e-07,3.65915771856859e-07,9.28709488366965e-07,2.8897916037278e-06,9.08212572955422e-06,2.8143493999683e-05,8.0759667875677e-05,0.000213804656232523,0.000520571479375354,0.00116315208164834,0.00238325285315057,0.00448297510805454,0.00776513809645616,0.012444036490606,0.0185577421648918,0.0259160021250268,0.0341023514059951,0.0425278836079764,0.0505192020837445,0.057417888216371,0.0626709216262882,0.0658973215811472,0.0669232986569668,0.0657848813932869,0.0627023995135514,0.0580348427107002,0.0522237843128795,0.0457363828505828,0.0390153306493435,0.0324410563444747,0.026308612657774,0.0208190367603014,0.0160829524403035,0.012132988753379,0.00894122254129545,0.00643816476485402,0.00453056976455993,0.00311630098079727,0.00209542094292925,0.00137743971500903,0.000885182603449465,0.000556018785594459,0.00034126719956057,0.000204526972877556,0.000119531769218062,6.79528647740442e-05,3.74079093990563e-05,1.9792085565368e-05,9.95320533912009e-06,4.68916163288258e-06
"13",2.95568751152417e-07,5.03799748580312e-07,1.27866477131916e-06,3.97871968190832e-06,1.25044423089642e-05,3.87484943031051e-05,0.000111191436665134,0.000294370290486909,0.000716732648873024,0.00160144976348364,0.00328130755918948,0.00617224483347269,0.01069118885156,0.0171331845672506,0.0255506500565603,0.0356816414021717,0.0469527617712489,0.0585531937052788,0.0695557919766976,0.0790540333930618,0.0862865090465997,0.0907286774664768,0.0921412620900477,0.0905738676913013,0.0863298483965507,0.0799034679980565,0.0719026929974293,0.062970716086297,0.0537170444230157,0.0446654593407892,0.0362221950019367,0.0286640431821208,0.0221433128032088,0.0167049281654665,0.0123104441370387,0.00886418689577804,0.00623777405583855,0.00429058207209608,0.00288501514668419,0.00189648502600633,0.00121873613373505,0.000765537169843551,0.000469863128514118,0.000281596600744264,0.000164573598382571,9.35587881734365e-05,5.15039164737943e-05,2.72501173729484e-05,1.37037611742477e-05,6.45612633669921e-06
"14",3.94395215503257e-07,6.72250397368145e-07,1.70619954266001e-06,5.30904569666126e-06,1.66854317310724e-05,5.17044535375095e-05,0.000148369441812366,0.000392796037137471,0.000956379611878281,0.00213691103042578,0.00437844662838411,0.00823599863566437,0.0142658982543207,0.0228618417654488,0.0340937737701132,0.0476121666970896,0.0626519025608888,0.078131058712255,0.0928124893419574,0.105486565866296,0.11513729444595,0.121064747752256,0.122949644632787,0.120858175729996,0.115195124755132,0.106620017703767,0.09594410095593,0.0840256253220848,0.0716778929734977,0.0595998169413333,0.048333459975351,0.0382481620398956,0.0295471581177879,0.0222903934130309,0.0164265682669021,0.011828019326775,0.00832343823026284,0.0057251824976793,0.0038496497551594,0.0025305943798665,0.00162623314620353,0.00102150242845025,0.000626966717911935,0.00037575133231269,0.000219600480589269,0.000124841135201259,6.87247828389985e-05,3.63614755345058e-05,1.82857552445913e-05,8.61479885120094e-06
"15",5.11262702880876e-07,8.71452141559619e-07,2.21178187651536e-06,6.8822261170932e-06,2.16296714316808e-05,6.70255561615642e-05,0.0001923343865851,0.000509189654776991,0.00123977473896362,0.00277012211681462,0.00567587123183251,0.010676495956017,0.0184931799723299,0.0296362799404743,0.0441964664983955,0.0617206398016454,0.0812169615268691,0.101282912890311,0.120314756104539,0.136744424532652,0.149254864275455,0.156938745010964,0.159382175955131,0.156670961411446,0.14932983090542,0.138213741672494,0.12437432923118,0.108924161918668,0.0929175402183192,0.0772604795972223,0.0626556672475113,0.0495818862300099,0.0383025942707565,0.0288954995817644,0.0212941013507915,0.015332906924385,0.01078984571716,0.00742167288848774,0.00499038087076197,0.00328046201294503,0.00210811977721778,0.00132419479760281,0.000812749968092248,0.000487094250177813,0.000284672660434649,0.000161834154433816,8.90893622640243e-05,4.71361353579979e-05,2.37042040143377e-05,1.11675425367925e-05
"16",6.45466450474869e-07,1.10020370623881e-06,2.7923628870531e-06,8.68877396714901e-06,2.7307345451322e-05,8.46194091275011e-05,0.00024282114285632,0.000642849238239871,0.00156520903175234,0.00349726447880332,0.00716575732342629,0.0134790195126854,0.0233475416209149,0.037415646223884,0.0557978045210502,0.0779219803621943,0.102535983125131,0.127869140284808,0.151896741391365,0.172639110633276,0.188433474448914,0.198134333119562,0.201219151725781,0.197796257745587,0.188528119421597,0.174494115728567,0.157021930930385,0.13751617665131,0.117307901659215,0.097540945675485,0.0791024475528947,0.0625968683661051,0.04835682209677,0.036480414950365,0.0268836900041778,0.0193577136610536,0.0136221229848825,0.00936982265462444,0.00630032937865005,0.00414156589065061,0.00266149003654914,0.00167178890799145,0.00102609252361266,0.000614953907134991,0.00035939772379759,0.000204314761548988,0.000112474847297883,5.95091208632891e-05,2.9926431832896e-05,1.40989632162354e-05
"17",7.956143104392e-07,1.35613216215631e-06,3.44191998088251e-06,1.07099492209851e-05,3.36595570617105e-05,0.000104303504532604,0.000299305991801059,0.000792388284506963,0.00192930663332645,0.00431079518490782,0.00883264973331782,0.0166144976351474,0.0287786270123082,0.0461192422133666,0.0687774426314122,0.0960481255506213,0.126387816825009,0.157613951583858,0.187230832944365,0.212798274581552,0.232266709953769,0.244224174166259,0.248026580668426,0.243807455984634,0.232383371159975,0.215084789393693,0.193548239740578,0.169505073393318,0.144595966558761,0.120230837987156,0.0975031920211314,0.0771580989594611,0.0596055451669841,0.0449664582317444,0.0331373512426544,0.0238606886458436,0.0167908897160522,0.011549422878311,0.00776590667175142,0.00510497344641894,0.00328060359854798,0.00206067903026248,0.00126478129888904,0.000758003965066108,0.000443000518434801,0.000251842288631354,0.000138638651178267,7.33520822432461e-05,3.68878931029155e-05,1.73786521188517e-05
"18",9.5982058714528e-07,1.6360233231714e-06,4.1522954195407e-06,1.29203680913022e-05,4.06065293171847e-05,0.000125830631309949,0.000361079544469237,0.000955928743994902,0.00232749486941787,0.00520049716445801,0.0106556140856765,0.02004355209057,0.034718227555435,0.0556377601045069,0.0829723705351546,0.11587143047906,0.152472909249236,0.190143783949782,0.225873272577458,0.256717560471753,0.280204072497218,0.294629429319752,0.2992166118196,0.294126704966364,0.280344811327538,0.259475987464216,0.233494524509226,0.204489106007491,0.174439026171683,0.14504519588907,0.117626807092748,0.0930827046152572,0.0719074916182785,0.0542470538495108,0.0399765458072344,0.0287852793561516,0.0202563496087147,0.0139331001250218,0.00936870667557646,0.00615858531754921,0.00395768506276744,0.00248598112275363,0.00152581861962728,0.000914447869102024,0.000534431083165198,0.000303819841059319,0.000167252184669098,8.84911667918291e-05,4.45011593582923e-05,2.09654198795165e-05
"19",1.13592334855825e-06,1.9361921555606e-06,4.9141364337644e-06,1.52909283083086e-05,4.80567987111986e-05,0.000148917364331509,0.000427328493202346,0.00113131745078668,0.00275453121263497,0.0061546566434761,0.0126106493184794,0.0237210361109662,0.0410881427518368,0.065845879543138,0.0981956984861411,0.137130902456967,0.180447825310706,0.2250303511557,0.267315295767001,0.303818729073208,0.331614421042337,0.348686465386309,0.354115279662082,0.348091503850215,0.331780981882509,0.307083257536128,0.276334854349598,0.242007676383121,0.206444168193473,0.171657314724445,0.139208346208129,0.11016102273228,0.0851006946083516,0.0642000139228406,0.0473112291873279,0.0340666488647375,0.0239728765826264,0.0164894710134161,0.0110876270014513,0.00728852970022125,0.00468382000682935,0.00294209567832855,0.00180576768086889,0.00108222588623753,0.000632485647518975,0.00035956308484796,0.000197938723348354,0.000104727054041389,5.26659946973449e-05,2.48120432843616e-05
"20",1.32168618629775e-06,2.25282667996087e-06,5.71776806096336e-06,1.77915250588094e-05,5.59157509130342e-05,0.000173270514763727,0.000497211512725598,0.00131632706460357,0.00320499253588408,0.00716115632046181,0.014672927557686,0.0276002476684073,0.0478074781759344,0.0766139630171785,0.114254098577794,0.159556557862781,0.209957298935123,0.26183061295264,0.311030611572314,0.353503621405671,0.385844872389564,0.405708787688011,0.412025401256499,0.405016529319846,0.386038671699978,0.357302013418384,0.321525180594293,0.281584319276087,0.240204944892944,0.199729235195513,0.161973735669897,0.128176168047329,0.0990176077029851,0.074698941323496,0.0550482549311308,0.039637726678589,0.0278932727857855,0.0191860710367921,0.0129008383050141,0.00848045692117344,0.00544978691563003,0.00342323029256209,0.00210107328324271,0.00125920732777388,0.000735918972365899,0.000418364111407105,0.000230308565023318,0.000121853557138203,6.12787101941869e-05,2.88696723281421e-05
"21",1.51495910979981e-06,2.58226221699944e-06,6.55388919206528e-06,2.03932168199288e-05,6.40924276164859e-05,0.000198608222982421,0.000569919787700113,0.00150881631257964,0.00367366526896887,0.00820834712268077,0.0168185803115758,0.0316362893638995,0.0547984652711433,0.0878173823817148,0.130961713352885,0.182888845603826,0.240659792005323,0.300118648760476,0.356513265639844,0.405197192153369,0.442267771620961,0.46503642862113,0.472276733746412,0.464242939870125,0.442489910608134,0.409551030940448,0.368542477345388,0.322760980697715,0.275330614223841,0.228936057204599,0.185659492355575,0.146919636034379,0.113497158686674,0.0856223230776336,0.0630980758905437,0.0454340339984118,0.0319721641544319,0.0219916901604859,0.0147873547570183,0.00972057179774611,0.00624672060576529,0.0039238163872973,0.0024083176050449,0.00144334383767854,0.000843533936284227,0.000479542366683032,0.000263987066116157,0.000139672456564848,7.02396236019613e-05,3.30913446352698e-05
"22",1.71378846157766e-06,2.92116873890173e-06,7.41404807770966e-06,2.30697049539929e-05,7.25041766560615e-05,0.000224674368251889,0.000644718362276003,0.00170683945884244,0.00415581193507552,0.00928564374871702,0.0190259187140072,0.0357883637441195,0.0619904371585709,0.0993428902986191,0.148149657506118,0.206891916302951,0.272244955019877,0.33950743226195,0.403303506411914,0.45837690805257,0.500312780080134,0.526069687576908,0.534260239587021,0.525172058157693,0.500564073485098,0.463302162225173,0.416911480442026,0.365121435284367,0.311466115965507,0.258982549917252,0.21002619392374,0.16620196240688,0.128392984154386,0.0968597425466576,0.0713793221938873,0.05139698010707,0.0361683200986018,0.0248779683912472,0.0167281069145043,0.0109963388973025,0.00706656544563412,0.00443879389641616,0.00272439493359375,0.00163277411192277,0.000954242736719227,0.000542479443532719,0.000298633794792912,0.000158003633835816,7.94581554683056e-05,3.74343863455887e-05
"23",1.91647781036607e-06,3.26665466243514e-06,8.29090575906759e-06,2.57981534053036e-05,8.10792281751554e-05,0.000251246551698907,0.000720969047778552,0.00190870695075021,0.00464731881220325,0.0103838545995335,0.0212761095401803,0.0400210449087602,0.0693220312382819,0.111092150019302,0.16567128183512,0.231360973438759,0.30444330031222,0.379660894545535,0.451002115027509,0.512589034622318,0.559484652139309,0.588287822885235,0.597447069509862,0.587284031050696,0.559765665954784,0.518096797420253,0.466219500870298,0.408304259539323,0.348303138521132,0.289612353750782,0.23486594131924,0.185858628490742,0.143577991482127,0.108315320980487,0.0798213374465275,0.0574756885714758,0.0404459386098198,0.0278202797239765,0.0187065360923052,0.0122968732515245,0.00790232643974639,0.00496376898198906,0.00304660846654298,0.00182588191308018,0.001067100795475,0.000606638356727599,0.000333953141812594,0.000176690685573172,8.88556523874839e-05,4.18617422070563e-05
"24",2.12160887991255e-06,3.61630252223285e-06,9.17832660822508e-06,2.85594704274626e-05,8.97575800473304e-05,0.000278138840036968,0.000798138296011313,0.00211300626282176,0.00514474668395545,0.0114952951747888,0.0235534075512287,0.0443047155581654,0.076741946216753,0.122982948560468,0.183403982444621,0.256124799910478,0.337029526707074,0.420298070171492,0.499275330466222,0.567454233864978,0.619369345020908,0.651255476179673,0.661395086910885,0.650144243031957,0.619680437277268,0.573551522545987,0.516121516087829,0.452007290697135,0.385583922543142,0.320611143070144,0.260004923613876,0.20575209088333,0.158945926762545,0.119908900369102,0.0883650504154288,0.0636276249027056,0.0447750879487619,0.0307980359515695,0.0207087986467521,0.0136130746437446,0.00874815552564691,0.00549506824084274,0.00337270358220307,0.00202131600977038,0.0011813184119304,0.000671570167714587,0.000369697967444224,0.000195602853047525,9.83663573436831e-05,4.63424327246115e-05
"25",2.32803408580603e-06,3.96815624974731e-06,1.00713460416367e-05,3.13382081198882e-05,9.84906821365969e-05,0.000305200787158895,0.000875794391649636,0.00231859446382663,0.00564531274189402,0.0126137476359041,0.0258450726405339,0.0486154111428876,0.0842086721521726,0.134948764087705,0.201248555587327,0.281044857069235,0.369821333953638,0.461191618691783,0.547853093250319,0.622665568135757,0.67963184004559,0.714620381479837,0.725746541264782,0.713401029190329,0.679973200502502,0.62935610191641,0.566338354466105,0.495986036700194,0.423099904566872,0.351805498375975,0.285302503388582,0.225771057680525,0.17441081568177,0.131575621639694,0.096962664187928,0.0698183727334724,0.0491315491401869,0.0337945783268444,0.0227236931284525,0.0149375797223122,0.00959932080057933,0.00602971937459056,0.00370085597540131,0.00221798306628733,0.00129625660752211,0.000736911622237589,0.00040566830098243,0.000214634334107008,0.000107937063688247,5.08513911416675e-05
"26",2.5348516368725e-06,4.32067873334219e-06,1.09660628058687e-05,3.41222272619115e-05,0.000107240382927728,0.000332314169977733,0.000953598085514376,0.00252457341913857,0.00614683020824102,0.0137343259005152,0.0281410934175663,0.0529342999160219,0.0916895898325691,0.146937322622235,0.219127045286427,0.306012278909522,0.402675467441957,0.502162892150261,0.596523186090044,0.677981840659604,0.740008873888016,0.778105722240506,0.790220306178486,0.776778045310934,0.740380560075191,0.685266747100124,0.616650638233696,0.540048371568451,0.460687191906216,0.383059143702499,0.310648165388858,0.245828073828125,0.189905098174769,0.14326451743958,0.105576619144384,0.0760208871022358,0.0534962905051131,0.0367968161254642,0.0247424172496612,0.0162646022413829,0.0104521038555963,0.0065653867010589,0.00402963207638233,0.00241502392100387,0.00141141326212437,0.000802377268979112,0.000441707002076205,0.000233701987637272,0.000117525960739803,5.53689195783708e-05
"27",2.74137197211431e-06,4.672694609736e-06,1.1859493779898e-05,3.69022455126134e-05,0.000115977509594841,0.000359388588374101,0.0010312899683219,0.002730256363765,0.00664762694790608,0.0148532937911939,0.0304338146017683,0.0572469820491408,0.0991597567468619,0.158908652496561,0.236979841953033,0.330943820270451,0.435482386521595,0.543075286124064,0.645123335534223,0.733218618617004,0.800299140384962,0.841499828733043,0.854601416367725,0.840063982835867,0.80070110872154,0.741097043549264,0.666890618626482,0.584047384812758,0.498220462859881,0.414267874668893,0.33595740334391,0.265856266200547,0.205377113960107,0.154936615222148,0.11417819505606,0.0822144878879227,0.057854759335636,0.0397947394325016,0.0267582402788137,0.0175897177071579,0.0113036613830038,0.0071002842243584,0.00435793569589609,0.00261178160990675,0.0015264044260326,0.000867748835570843,0.00047769391224503,0.000252742239197349,0.000127101077665205,5.98799559116095e-05
"28",2.9470817115513e-06,5.02332881786796e-06,1.27494180222605e-05,3.96713521447152e-05,0.00012468034289218,0.000386356739220864,0.00110867690917688,0.00293513199935892,0.00714645805190742,0.0159678697139977,0.0327175368165888,0.0615427368320281,0.106600603129814,0.170832994698886,0.254762566091115,0.35577750491034,0.4681605378896,0.58382709826034,0.693532728570776,0.788238591287743,0.860352766567355,0.904645112286607,0.918729829611808,0.903101521986854,0.860784898195387,0.796708205141636,0.716933406247465,0.627873701186756,0.535606415090961,0.445354110839,0.36116730211241,0.285805847579548,0.220788401822101,0.166562899823729,0.122746009636966,0.0883837786858902,0.0621961211023666,0.0427808958399115,0.0287661511685213,0.0189096320723432,0.0121518765327298,0.00763308226584231,0.00468495071815684,0.00280776702155663,0.00164094424767981,0.000932863817659305,0.000513539573183475,0.000271707757448384,0.000136638612094911,6.43732863510303e-05
"29",3.15160895930934e-06,5.37194745768212e-06,1.36342266681792e-05,4.24245409813856e-05,0.000133333149253576,0.000413169867684825,0.00118561900277342,0.00313882993799512,0.0076424216998938,0.0170760386637632,0.0349881313957248,0.0658137981108572,0.113998676919906,0.182688791603015,0.272443068898404,0.380468436827267,0.500650843790579,0.624344654697855,0.741663847449743,0.842942289872298,0.920061183458997,0.967427414619293,0.982489610260987,0.96577669926955,0.920523304989312,0.851999694286704,0.766688530386322,0.67144808853409,0.572777459765675,0.476261652428569,0.386232285547282,0.3056407517729,0.236111100200152,0.178122352466667,0.131264573416834,0.0945176062381522,0.0665125272001116,0.0457498867737104,0.0307625198827068,0.0202219591071568,0.0129952158444948,0.00816281759744995,0.00501008594345818,0.00300262584037183,0.00175482565428855,0.000997604496009375,0.000549179180699742,0.000290564255253521,0.000146121321434022,6.88407875522732e-05
"30",3.35469197037102e-06,5.71810438230588e-06,1.45127873782865e-05,4.51582886120871e-05,0.000141924855196272,0.000439793659498064,0.0012620177819887,0.00334108949596969,0.00813488317930199,0.0181763824543846,0.0372426925316415,0.070054699968392,0.121344510386193,0.194460870679124,0.289998723641465,0.404985017647543,0.532911724553478,0.664576102841756,0.789455096072381,0.897259706972168,0.979347978842005,1.02976638968921,1.04579916133941,1.02800930573601,0.979839878505668,0.906900751357342,0.816092316613479,0.714714782261537,0.60968602700841,0.506950945319017,0.41112027658008,0.325335594938595,0.251325599775709,0.189600179869546,0.139722984710683,0.100608120740749,0.070798453681321,0.0486979126492849,0.0327447915560917,0.0215250193529138,0.0138326000495691,0.00868881228709594,0.00533292527797329,0.00319610869456702,0.0018679029054204,0.00106188801833527,0.000584567124784446,0.000309287600892414,0.000155537070126282,7.32767422028898e-05
"31",3.55615189485332e-06,6.06149474041195e-06,1.53843264272007e-05,4.78701874969599e-05,0.000150447894230119,0.000466204667785205,0.00133780596442103,0.00354173254859315,0.00862340879221936,0.0192679320419363,0.0394792346914608,0.0742617075535628,0.128631634245746,0.206138864565831,0.307414069515474,0.429305656261262,0.564914768866486,0.704486011910526,0.83686438593911,0.951143006662313,1.03816094039018,1.09160713719553,1.10860272778542,1.08974453476146,1.03868238019344,0.961363026432089,0.865101256309768,0.757635678526379,0.646299612411735,0.537394962254767,0.435809357009663,0.344873032344654,0.266418501537918,0.200986273810721,0.148113794417466,0.10664995843725,0.0750501260429194,0.0516223772175431,0.0347112204539882,0.0228176652386219,0.0146632916856396,0.00921060310504863,0.00565318440556509,0.00338804518886563,0.00198007641690516,0.00112565777182439,0.000619672240203101,0.000327861305205483,0.000164877565968699,7.76772436739296e-05
"32",3.75586944375059e-06,6.40191520275519e-06,1.62483277568185e-05,5.05586318589632e-05,0.000158897219669755,0.00049238725398724,0.00141293867416299,0.00374064029054828,0.00910770927151378,0.0203500410950687,0.0416964335676757,0.0784323298014449,0.135855733626707,0.217715858457216,0.324678794497841,0.453415951864866,0.596641026998814,0.744050750338828,0.883863644930568,1.00456028341483,1.09646524361066,1.15291303982443,1.17086312217818,1.15094583151195,1.09701596806836,1.01535427115855,0.913686330166761,0.800185362889242,0.682596536238564,0.567575676640616,0.46028490786969,0.364241495429802,0.281380868636198,0.21227389232487,0.156432034147816,0.112639541818069,0.0792650267729517,0.0545215488364661,0.0366606422090984,0.024099131359237,0.0154867988812856,0.009727881087091,0.00597067369351641,0.00357832167330172,0.00209127976825411,0.00118887599695456,0.000654473740418025,0.000346274370279746,0.000174137278241134,8.20396863283351e-05
"33",3.95376473407822e-06,6.73922960802828e-06,1.71044457840636e-05,5.32225463746674e-05,0.000167269451955709,0.000518330945598662,0.00148738585964859,0.00393773316275686,0.00958759090677798,0.0214222767920226,0.0438934023255306,0.0825648985473995,0.143013919035271,0.229187221789615,0.341785993047377,0.477306260827223,0.628077809088182,0.783254493030628,0.930434074292699,1.05749017139823,1.15423756796009,1.21365957645344,1.2325554416178,1.21158871670526,1.15481730987383,1.06885289012962,0.961828105136494,0.842346816336025,0.718562280452685,0.597481016800559,0.484537139434305,0.383433237200109,0.296206716425996,0.223458520592634,0.164674376773898,0.118574475170864,0.0834414699962807,0.057394267895979,0.0385922770921049,0.0253689051542009,0.0163027922502662,0.010240439332481,0.0062852661525264,0.00376686204112573,0.00220146848037336,0.00125151740771295,0.000688957705532238,0.000364519431261179,0.000183312503245755,8.63623252771802e-05
"34",4.1497791160688e-06,7.07333798714463e-06,1.79524267832255e-05,5.58611415459169e-05,0.000175562109828951,0.000544028053747865,0.00156112545713846,0.0041329527532623,0.0100629114766066,0.0224843213567957,0.046069489854499,0.0866581890316286,0.150104069016662,0.24054955482173,0.358730595143393,0.50096950283297,0.659215798288523,0.822085621263789,0.976561872055551,1.10991698390458,1.21146079158894,1.27382874377263,1.2936614024949,1.2716552177504,1.21206927516046,1.12184302808391,1.00951231355297,0.884107543574726,0.754186185970044,0.627102119758412,0.508558864125984,0.402442569843658,0.31089165100525,0.234536843851721,0.172838379531777,0.124452999573225,0.0875782179501316,0.0602396830150085,0.0405055526288653,0.0266266103036039,0.0171110299585227,0.0107481259355221,0.00659686854755888,0.00395361041506689,0.00231060989689033,0.0013135634392102,0.000723113915613117,0.000382591080903446,0.000192400521742444,9.06438794300027e-05
"35",4.34385729818931e-06,7.40414609516013e-06,1.87920315567057e-05,5.84736730805298e-05,0.000183772854105173,0.000569471329821307,0.0016341366662436,0.00432624399472552,0.0105335369030678,0.0235358752089617,0.0482240823260738,0.0907110466230096,0.157124183588746,0.251799652478476,0.375507821070153,0.524399002979412,0.690046211228225,0.860533181594043,1.0222340265379,1.16182593243313,1.26811877302979,1.33340356932586,1.35416376810358,1.33112839115122,1.26875571435342,1.1743097376184,1.05672550470427,0.925455764782836,0.789458204036424,0.656430630024261,0.532343305921609,0.421264131227666,0.325431530062885,0.245505737140225,0.180921739528046,0.130273456817103,0.091674103744944,0.0630569915618171,0.0423999291246061,0.0278718920352855,0.0179112840192028,0.0112507976885056,0.00690539298213434,0.0041385141173381,0.00241867323130774,0.00137499658956625,0.000756932735912445,0.000400484221574413,0.000201398770192397,9.48831410504599e-05
"36",4.53592737011941e-06,7.73153136024957e-06,1.96229490121004e-05,6.10591729769643e-05,0.000191898642519422,0.000594651346514421,0.00170639243467317,0.00451753526840536,0.0109992928088831,0.0245765487242284,0.0503563814154093,0.094721969646885,0.164071661641589,0.262933346346292,0.392111454489079,0.547586080111139,0.720557624547661,0.898582928337774,1.06743361518194,1.21319778355396,1.32419051922948,1.39236197930379,1.41404012096011,1.38998620076278,1.32485562385532,1.22623357864021,1.10345018504391,0.966376159516813,0.824365265577855,0.68545568072711,0.555881652151927,0.439890947541406,0.339820966247531,0.256361136237114,0.188921461696487,0.136033690292515,0.0957276097631456,0.065845149660386,0.044274704670338,0.0291042889444282,0.0187032579202246,0.0117482683402701,0.00721072514102848,0.00432150463696963,0.00252561844373595,0.00143579409642075,0.000790401635798626,0.000418192223464055,0.000210303914542699,9.90785393970199e-05
"37",4.72587509186442e-06,8.05529905925503e-06,2.04446849339145e-05,6.36161034240899e-05,0.00019993464199169,0.000619553127183815,0.00177784978593154,0.00470671279752301,0.0114599021704035,0.0256057229277826,0.0524651188674659,0.0986885724748204,0.170942370934034,0.273944014294432,0.408531619842908,0.570516942951135,0.750731890579883,0.936212230156207,1.11213375404516,1.26400198216838,1.37964267967211,1.45066890625226,1.4732548476336,1.4481936389663,1.38033563639921,1.2775836677365,1.14965856353095,1.00684438902554,0.858886608470986,0.714160008263081,0.579159902611067,0.458311939873023,0.35405140096858,0.267096584536613,0.196832787939138,0.141730273911082,0.0997363250486652,0.0686024989619512,0.0461287641816221,0.0303230680224224,0.0194864806090531,0.012240242003778,0.00751268341789386,0.00450247313432925,0.0026313819249912,0.00149591979845616,0.000823500708542272,0.000435704554155625,0.000219110658165754,0.000103227579118481
"38",4.91350659227361e-06,8.37511873695551e-06,2.12564006130165e-05,6.61418546772698e-05,0.000207872650536447,0.000644151255694834,0.00184843578669376,0.00489358349702895,0.0119148948642385,0.0266223473875091,0.0545481423881671,0.102606806572579,0.177729298840164,0.284820418226197,0.424751557802691,0.593168186992491,0.780538211800058,0.973382680502652,1.15628881969352,1.31418667470136,1.4344186568157,1.5082648388967,1.53174751029887,1.50569129603093,1.4351391260157,1.3283075941662,1.19530347733854,1.0468191491957,0.892986998323904,0.742514315407873,0.602154298229104,0.476508306738889,0.368108309857279,0.277701124846417,0.204647643518864,0.147357393424486,0.103696158084963,0.0713262251633081,0.0479602153027741,0.031526985315931,0.0202601526852926,0.0127262165434975,0.00781095961741199,0.00468123490295927,0.00273585572701481,0.00155531232805546,0.000856196171399049,0.000453003339595823,0.000227810012411925,0.000107326025475422
"39",5.09848957775895e-06,8.69042399576852e-06,2.2056658508722e-05,6.8631953655254e-05,0.000215698610016679,0.000668402168997756,0.00191802542982932,0.00507781642070624,0.0123634651026904,0.0276246216712382,0.0566017629628315,0.106469732785146,0.184420425775735,0.295543296134515,0.440742543013832,0.615499697099211,0.809923801499115,1.01002845086597,1.19982061392914,1.36366298454361,1.48842144292998,1.56504777539269,1.58941451901121,1.56237734415735,1.48916903625021,1.37831552634198,1.24030408976202,1.08622964511036,0.926606043673167,0.770468386955418,0.624824116151889,0.494447822547768,0.381966798262777,0.288155976627323,0.21235218840137,0.152905083258028,0.107600096045701,0.0740115045714717,0.0497658145514202,0.0327139086989715,0.0210229039831148,0.0132053313031786,0.00810502549529366,0.0048574733574816,0.00283885482770517,0.00161386650161824,0.000888430121017752,0.000470057943801511,0.00023638657080826,0.000111366620158644
"40",5.2802558499797e-06,9.00024633621605e-06,2.28430005289677e-05,7.1078751708066e-05,0.000223388482020529,0.000692231377383897,0.00198640496205893,0.00525884567412266,0.0128042350462538,0.0286094671683426,0.0586196726394065,0.110265485652253,0.190995199108773,0.306079711360809,0.456455457168288,0.637442879249228,0.838798398168598,1.04603697918614,1.24259542340975,1.41227893903084,1.54148516171348,1.62084329985967,1.64607874235188,1.61807766506974,1.54225940748615,1.42745385865516,1.28452217580061,1.1249548225097,0.959640479422612,0.797936358484033,0.64709972320265,0.512075383836552,0.395584298107278,0.298429026496477,0.219922757114899,0.158356302989585,0.111436147497908,0.0766500890154,0.0515400158039835,0.0338801923881491,0.0217723916166553,0.013676114622005,0.00839397779147178,0.00503064715947438,0.00294006285246192,0.00167140246268811,0.000920103546796727,0.000486815981426079,0.000244813989384597,0.000115336951976986
"41",5.45783458707843e-06,9.30293098320504e-06,2.361122678556e-05,7.34691803769573e-05,0.000230901194594818,0.00071551160797659,0.00205320916521708,0.00543570437187144,0.0132348505227818,0.0295716237746066,0.0605910936713034,0.113973791886653,0.197418502678388,0.316373388436174,0.471806376882923,0.658880533917058,0.867007781285477,1.08121594228944,1.2843847859488,1.45977487815757,1.59332639745105,1.67535340588514,1.7014375341485,1.67249476084207,1.59412668165641,1.47546014105673,1.32772156466258,1.16278784847475,0.991913867161075,0.824771522319001,0.668862144359516,0.529296841005411,0.408888077709974,0.308465405631221,0.227318914910526,0.163681937408724,0.115183823917773,0.0792278856965802,0.0532733429715591,0.0350196072096814,0.0225046125386622,0.0141360520250386,0.00867627319870097,0.00519983137985116,0.00303893924466043,0.00172761290910218,0.000951047279540445,0.000503187947034801,0.000253047256918249,0.000119215815209147
"42",5.62955966179925e-06,9.5956380069752e-06,2.43541294183368e-05,7.57808115355454e-05,0.000238166259935713,0.000738024434699902,0.00211781125084077,0.00560673314244465,0.0136512712952846,0.03050206408409,0.0624975292589182,0.117559858414629,0.203630070028557,0.326327747239482,0.486651272606916,0.679611522940961,0.894287277145845,1.11523527459361,1.32479661408657,1.5057051726778,1.64345875127957,1.72806665400933,1.75497149217211,1.72511806468051,1.64428421559304,1.52188395601998,1.36949693935787,1.19937375575683,1.02312340278133,0.850722098328241,0.689907194348755,0.545950614241108,0.421753314751683,0.318170948000758,0.234471267556186,0.168832018907806,0.118807962841979,0.0817207085137885,0.0549495331631926,0.036121462637659,0.0232126967079616,0.0145808281631804,0.00894926308866074,0.00536343865266128,0.0031345562994713,0.00178197044800719,0.000980970990590388,0.000519020231143914,0.000261009125019761,0.000122966816535417
"43",5.79253688809438e-06,9.87343423987082e-06,2.50591878420652e-05,7.79746858725144e-05,0.000245061235524088,0.000759390435334307,0.00217912244109616,0.0057690495350274,0.0140464791738342,0.0313851068262131,0.0643068490957848,0.120963247098485,0.209525213875906,0.335775020970165,0.500739954377298,0.699286454484671,0.920177127986093,1.14752162781464,1.36314982295903,1.54929573169194,1.69103731246466,1.7780946361328,1.80577837640537,1.77506068437084,1.69188667418615,1.56594289504825,1.40914423435161,1.23409594003899,1.05274309319414,0.875350725834286,0.709880188275616,0.561756027479184,0.433963183648789,0.327382080257642,0.24125927214765,0.173719750063427,0.122247484475821,0.0840865444236248,0.0565403365366641,0.0371671884393334,0.0238847103558434,0.0150029469564577,0.00920834659841951,0.00551871160605875,0.00322530252511668,0.00183355895908148,0.00100937035763277,0.000534046002739673,0.000268565407533666,0.000126526738072669
"44",5.9416304203641e-06,1.01275655842013e-05,2.57041837917436e-05,7.99816685761117e-05,0.000251368842352068,0.000778936310408238,0.00223521065741102,0.00591753852864676,0.014408020107701,0.0321929249770134,0.0659620367046082,0.124076708114469,0.214918162568306,0.344417500921786,0.513628450383276,0.717285319158588,0.943861475790114,1.1770575731443,1.39823580101047,1.58917290082022,1.73456275407789,1.82386083756274,1.85225712687961,1.82074879521738,1.73543397743646,1.60624854386255,1.44541405799465,1.26586021300173,1.07983954322442,0.897881291320668,0.728151724012546,0.576215010137166,0.445132918978087,0.33580853514095,0.247469020617486,0.178191105475112,0.125394000350247,0.0862508396480954,0.0579956226492646,0.0381238310151181,0.024499476546027,0.0153891063196878,0.00944535931793175,0.00566075717656108,0.00330831826681984,0.00188075275121703,0.00103535044112557,0.000547791759820069,0.000275477985913089,0.000129783397230869
"45",6.06750878242787e-06,1.03421264500308e-05,2.62487482168215e-05,8.16761464758111e-05,0.000256694299492703,0.000795438721357618,0.0022825654466719,0.00604290648402856,0.0147132659482237,0.0328749587588958,0.0673594970902808,0.126705375951866,0.219471381864668,0.351714270968866,0.524510094556567,0.732481602791211,0.96385796297995,1.20199451281903,1.42785858465027,1.6228408450777,1.77131090280687,1.86250084015829,1.89149872838572,1.85932286661806,1.77220058375394,1.64027824976209,1.47603635208765,1.29267851015939,1.10271683840706,0.916903650215926,0.743578221432929,0.588422602420932,0.454563428581913,0.34292291711693,0.25271185680435,0.18196623164497,0.128050576114807,0.0880781351298736,0.0592243079543851,0.0389315159541428,0.0250185182502137,0.0157151372842709,0.00964546707892106,0.00578068500630021,0.00337840772966924,0.00192059805612841,0.00105728519782875,0.000559397182002144,0.000281314215230301,0.000132532966004197
"46",6.15315591830315e-06,1.0488112808035e-05,2.66192676813492e-05,8.28290624856309e-05,0.00026031771930723,0.000806666895999224,0.00231478545655825,0.00612820634123159,0.0149209540015952,0.0333390118259258,0.068310323567284,0.128493911072196,0.22256937412761,0.356678964228509,0.531913921884604,0.742821093611907,0.977463493170347,1.21896150719058,1.44801380858079,1.64574838017099,1.79631419674678,1.88879134392927,1.91819855765785,1.8855685110668,1.79721643616352,1.66343192603488,1.4968716389471,1.31092557266441,1.11828245887464,0.929846387396961,0.754074348797327,0.596728599558931,0.460979909732206,0.347763514259883,0.256279061651205,0.184534812445635,0.129858099677554,0.0893214196932115,0.0600603005392131,0.0394810615677251,0.0253716721571648,0.0159369674532164,0.00978161960199303,0.00586228342369693,0.00342609632085893,0.0019477086427915,0.00107220951887128,0.000567293465002828,0.000285285162398149,0.000134403761639498
"47",6.16889824839728e-06,1.05149457594637e-05,2.66873708310609e-05,8.30409736512747e-05,0.00026098372022141,0.000808730685170412,0.00232070763978228,0.00614388483993851,0.0149591280030883,0.0334243068738889,0.0684850897647786,0.128822651898861,0.223138799086588,0.357591497254986,0.533274778760514,0.744721538686236,0.979964251020261,1.22208011732707,1.45171842969851,1.64995888850144,1.80090991501127,1.8936236571698,1.92310610677276,1.89039257896146,1.8018144627314,1.66768767622493,1.50070125870024,1.3142794651007,1.12114349016327,0.932225320900611,0.75600358437528,0.598255279317349,0.462159287924815,0.348653237860075,0.256934730000633,0.185006929188644,0.13019033066563,0.0895499410068197,0.0602139597490876,0.039582070531567,0.0254365834390242,0.0159777408393745,0.00980664505018161,0.00587728158106308,0.00343486169913528,0.00195269169096858,0.00107495267643144,0.000568744837453793,0.00028601504040824,0.000134747622320052
"48",6.06848938059048e-06,1.03437978889291e-05,2.62529903984475e-05,8.16893465356767e-05,0.000256735785045911,0.000795567275889074,0.00228293434263288,0.00604388310609991,0.0147156438271972,0.0328802718330603,0.0673703833702105,0.126725853393813,0.219506851649965,0.351771113139226,0.524594863059331,0.732599982531496,0.964013736524152,1.20218877271267,1.42808934748141,1.62310311989393,1.77159717255595,1.86280184753499,1.89180442224529,1.85962336038775,1.77248699728848,1.64054334271795,1.47627490115066,1.29288742591335,1.10289505357648,0.917051835256432,0.743698394549085,0.588517700119751,0.454636892680415,0.342978338475926,0.252752698736572,0.181995640049442,0.128071270960775,0.0880923698447412,0.0592338794687651,0.0389378078565332,0.0250225616086837,0.0157176770803056,0.00964702592747559,0.00578161924954551,0.00337895372977094,0.00192090845286495,0.00105745607058057,0.000559487588768497,0.000281359679721983,0.00013255438526993
"49",5.79278822641487e-06,9.8738626484295e-06,2.50602751608526e-05,7.79780691960852e-05,0.000245071868737229,0.000759423385304294,0.0021792169932734,0.00576929985423105,0.0140470886509169,0.0313864686267835,0.0643096393715759,0.120968495696803,0.209534305180178,0.335789590256725,0.500761681496446,0.699316796541426,0.920217054494697,1.14757141880678,1.36320897006396,1.5493629556725,1.69111068661595,1.77817178770355,1.8058567291743,1.77513770429834,1.69196008519127,1.56601084134964,1.40920537715519,1.23414948749271,1.05278877174329,0.875388707324179,0.709910989994745,0.561780402087271,0.433982013322184,0.327396285374295,0.241269740393504,0.173727287767728,0.122252788797231,0.084090192940891,0.056542789823281,0.0371688011245696,0.0238857467140232,0.0150035979347014,0.00920874614880879,0.0055189510630934,0.00322544247107394,0.00183363851725059,0.00100941415423784,0.000534069175009093,0.000268577060593418,0.000126532228071
"50",5.28866772136214e-06,9.01458445102365e-06,2.28793912622765e-05,7.1191985864588e-05,0.000223744357802397,0.000693334157529193,0.00198956946459991,0.0052672234373765,0.0128246332203991,0.0286550443458465,0.0587130584829591,0.110441147421225,0.191299469790955,0.306567320908129,0.457182627348409,0.638458376919463,0.840134671342032,1.04770340005289,1.24457497765468,1.4145288127356,1.54394087130155,1.6234254333314,1.64870107790899,1.62065539266326,1.54471635050988,1.42972790722487,1.28656852272729,1.12674696583511,0.961169263730728,0.799207535148506,0.648130605000397,0.512891161024123,0.396214495645264,0.298904447888735,0.22027311171882,0.158608577290527,0.111613674225161,0.0767721987594294,0.051622123185957,0.0339341662539765,0.0218070767840356,0.0136979017702948,0.00840735007182619,0.0050386613841783,0.00294474660856652,0.0016740651409643,0.000921569345597786,0.000487591518358194,0.000245203997719389,0.000115520692998868
